{"cameraMode":{"drawMode":0,"name":"Shaded","section":"Shading Mode"},"sceneLighting":true,"audioPlay":false,"sceneViewState":{"showFog":true,"showMaterialUpdate":false,"showSkybox":true,"showFlares":true,"showImageEffects":true,"showParticleSystems":true},"in2DMode":false,"pivot":{"x":-1.1751559972763062,"y":1.9345054626464844,"z":0.26117849349975588},"rotation":{"x":-0.2623169720172882,"y":0.2806032598018646,"z":-0.08002451807260513,"w":-0.919815719127655},"size":3.1544382572174074,"orthographic":false}